atom_count,chunk_high_pass_energy,chunk_high_pass_energy_p50,chunk_high_pass_energy_p95,clip_count,frame_transition_count,max_local_displacement,max_local_displacement_p50,max_local_displacement_p95,mean_displacement_from_clip_start,mean_displacement_from_clip_start_p50,mean_displacement_from_clip_start_p95,mean_frame_to_frame_aligned_rmsd,mean_frame_to_frame_aligned_rmsd_p50,mean_frame_to_frame_aligned_rmsd_p95,median_frame_to_frame_aligned_rmsd,median_frame_to_frame_aligned_rmsd_p50,median_frame_to_frame_aligned_rmsd_p95,p95_local_displacement,p95_local_displacement_p50,p95_local_displacement_p95,replica,rmsf_mean,rmsf_mean_p50,rmsf_mean_p95,system
887,0.27412655666843944,0.24602403341411533,0.41124923615924347,62,930,19.139701242728,10.885593761822012,15.46679041838223,1.1506797759743226,1.088767909618891,1.543844119131728,0.7247613254395795,0.7006639003114781,0.8898533901137237,0.7155410323329751,0.6914563768838635,0.8567986746158686,9.736514347836653,9.745291243594227,13.51076461330439,1,0.8806497476576097,0.8598561195347821,1.1359478059258838,atlas_5e3e_A
887,0.3058460101992827,0.29923830012405156,0.4596854412729784,62,930,17.43714844448398,10.442488191835775,14.487668782787464,1.1868047159628647,1.1664233709189018,1.4378536999449985,0.7605367479260665,0.7507961162827027,0.8765252016504659,0.743996789903886,0.7442103120864536,0.8663614836941513,10.020123851444701,9.799873984558898,13.791297821279354,2,0.912970673353814,0.884861746620602,1.1120303540910477,atlas_5e3e_A
887,0.23925065210239643,0.22446805438963136,0.3423902929651767,62,930,15.062251982652377,9.391235114777121,12.809392410142856,1.078948507917686,1.0330700582336259,1.3666784949318644,0.6950965500035163,0.6862970592468345,0.7961718252835137,0.6863311495475425,0.6689014665237989,0.7987859377874231,8.838390915780256,8.752155750101103,11.867262321050623,3,0.836401149161356,0.8117667633026605,0.9822383423342832,atlas_5e3e_A
1503,0.1851687034060961,0.18331115709767948,0.22243886826256112,62,930,10.61528600745733,8.28866896773403,10.179755927553753,0.9568780572905976,0.9462254938621464,1.0963214863898119,0.6334448084998553,0.6316102902216274,0.6864862380580253,0.6289743639965326,0.6243559371825846,0.6866882364996246,7.727581164582661,7.601894985199104,9.17543340512898,1,0.7518580716511657,0.7524540550820944,0.8302971929373564,atlas_1v7r_A
1503,0.17179350504054536,0.17002816263538306,0.18982018255806915,62,930,11.145949297641875,7.959068305746928,10.23894610393435,0.916099728789427,0.9145553208094548,1.010811585081812,0.6104302351941471,0.6118243996036399,0.6332076182715454,0.606534784408207,0.6056560474605023,0.6360316815973612,7.5331992599081,7.5117480422580485,8.599723361558057,2,0.7238977231898586,0.7234416188300867,0.7729627349235277,atlas_1v7r_A
1503,0.1797445398042978,0.18022056391263436,0.20914779232500455,62,930,11.494587499318703,8.299421997493688,10.240234239478756,0.9410544746675839,0.9515700925144839,1.099043725867179,0.6261356192484906,0.6265199132962253,0.6636277384679858,0.6174961945071189,0.6151868946401801,0.6647568160598717,7.633238276123218,7.510979702171306,9.206392520889388,3,0.7435389136269236,0.7449813354453327,0.8277126997996381,atlas_1v7r_A
2499,0.2403752170563241,0.24243070030698793,0.2710906174467105,62,930,15.9811402356598,11.550353191018957,14.30282354442576,1.1199464949920734,1.115445261437771,1.2630857147977743,0.7118143324077321,0.7151128801644042,0.7517608875213558,0.7048334967463777,0.7050008469432095,0.7410144267806211,10.491555381214747,10.517719779829605,12.973772268905082,1,0.8644327206006552,0.8561396153053322,0.9435584218410943,atlas_2wlt_A
2499,0.21561905475047816,0.21299140529241298,0.24829152712159389,62,930,16.568273200838842,9.77133564832754,13.123696434742648,1.0763664821627688,1.07678593620656,1.1769102777458413,0.6785527600937997,0.6800611602477202,0.7104949391881892,0.6715903896785332,0.668508418016228,0.7048015449198033,9.105859219037296,9.094739577562166,10.795385949508242,2,0.8238120569848891,0.8135391379953343,0.890963256214823,atlas_2wlt_A
2499,0.2223391467256777,0.22284758200397128,0.2569307394821337,62,930,17.214889372250628,11.09648117257549,14.637955511454482,1.0765901549096186,1.051625983054227,1.253230191987237,0.6841671261070451,0.6844111835256071,0.7299603731456255,0.6784038339809213,0.6770232019368511,0.7327733341445715,10.232068266811766,10.014964285337118,13.026816501234054,3,0.8358670017308678,0.8318117011798156,0.9292852521318036,atlas_2wlt_A
